date,zone_id,zone_name,consumption_m3,tariff_sar_per_m3,is_actual_leak_period,baseline_m3,residual_m3,z_score,pct_over_baseline,predicted_leak,excess_m3,financial_loss_sar
2026-06-20,Z1,Industrial Plant - Riyadh,446.91,5.5,False,466.45,-19.539999999999964,-0.7720884264893163,-0.04189087790759988,False,0.0,0.0
2026-06-21,Z1,Industrial Plant - Riyadh,451.5,5.5,False,466.45,-14.949999999999989,-0.5907227213927989,-0.032050594919069544,False,0.0,0.0
2026-06-22,Z1,Industrial Plant - Riyadh,482.41,5.5,False,466.45,15.960000000000036,0.6306310791591371,0.03421588594704692,False,0.0,0.0
2026-06-23,Z1,Industrial Plant - Riyadh,495.6,5.5,False,466.45,29.150000000000034,1.151810523652182,0.06249330046092836,False,0.0,0.0
2026-06-24,Z1,Industrial Plant - Riyadh,476.92,5.5,False,466.45,10.470000000000027,0.41370347110251676,0.022446135705863495,False,0.0,0.0
2026-06-25,Z1,Industrial Plant - Riyadh,466.45,5.5,False,466.45,0.0,0.0,0.0,False,0.0,0.0
2026-06-26,Z1,Industrial Plant - Riyadh,459.21,5.5,False,466.45,-7.240000000000009,-0.2860757527012624,-0.015521492121342071,False,0.0,0.0
2026-06-27,Z1,Industrial Plant - Riyadh,421.91,5.5,False,466.45,-44.539999999999964,-1.7599190642699172,-0.09548719048129481,False,0.0,0.0
2026-06-28,Z1,Industrial Plant - Riyadh,389.68,5.5,False,462.83,-73.14999999999998,-2.8903924461460377,-0.1580493917853207,False,0.0,0.0
2026-06-29,Z1,Industrial Plant - Riyadh,452.58,5.5,False,459.21,-6.6299999999999955,-0.2619726851394152,-0.014437838897236549,False,0.0,0.0
2026-06-30,Z1,Industrial Plant - Riyadh,472.91,5.5,False,455.895,17.015000000000043,0.6723175320734788,0.03732219041665305,False,0.0,0.0
2026-07-01,Z1,Industrial Plant - Riyadh,446.34,5.5,False,459.21,-12.870000000000005,-0.5085352123294535,-0.028026393153459214,False,0.0,0.0
2026-07-02,Z1,Industrial Plant - Riyadh,448.22,5.5,False,455.895,-7.6749999999999545,-0.3032640057986427,-0.016835016835016738,False,0.0,0.0
2026-07-03,Z1,Industrial Plant - Riyadh,443.94,5.5,False,452.58,-8.639999999999986,-0.3413942684169752,-0.019090547527508918,False,0.0,0.0
2026-07-04,Z1,Industrial Plant - Riyadh,415.27,5.5,False,452.03999999999996,-36.76999999999998,-1.4529013020477073,-0.08134235908326694,False,0.0,0.0
2026-07-05,Z1,Industrial Plant - Riyadh,391.73,5.5,False,451.5,-59.76999999999998,-2.36170548880586,-0.13238095238095235,False,0.0,0.0
2026-07-06,Z1,Industrial Plant - Riyadh,426.19,5.5,False,449.86,-23.670000000000016,-0.9352780478506736,-0.05261636953718938,False,0.0,0.0
2026-07-07,Z1,Industrial Plant - Riyadh,451.63,5.5,False,448.22,3.409999999999968,0.13474009899327272,0.007607871134710562,False,0.0,0.0
2026-07-08,Z1,Industrial Plant - Riyadh,498.55,5.5,False,449.86,48.69,1.9238989501414983,0.10823367269817276,False,0.0,0.0
2026-07-09,Z1,Industrial Plant - Riyadh,491.09,5.5,False,451.5,39.589999999999975,1.5643285979893586,0.08768549280177182,False,0.0,0.0
2026-07-10,Z1,Industrial Plant - Riyadh,481.9,5.5,False,451.565,30.33499999999998,1.1986336958829804,0.06717748275442069,False,0.0,0.0
2026-07-11,Z1,Industrial Plant - Riyadh,437.8,5.5,False,451.63,-13.829999999999984,-0.5464679088202278,-0.030622412151539942,False,0.0,0.0
2026-07-12,Z1,Industrial Plant - Riyadh,427.15,5.5,False,451.565,-24.41500000000002,-0.9647154008565357,-0.054067520733449274,False,0.0,0.0
2026-07-13,Z1,Industrial Plant - Riyadh,472.37,5.5,False,451.5,20.870000000000005,0.8246410164192459,0.046223698781838324,False,0.0,0.0
2026-07-14,Z1,Industrial Plant - Riyadh,472.2,5.5,False,451.565,20.63499999999999,0.8153554084241077,0.04569663282140997,False,0.0,0.0
2026-07-15,Z1,Industrial Plant - Riyadh,456.83,5.5,False,451.63,5.199999999999989,0.20546877265836455,0.011513849832827732,False,0.0,0.0
2026-07-16,Z1,Industrial Plant - Riyadh,441.12,5.5,False,452.105,-10.985000000000014,-0.43405278224079663,-0.024297453025292827,False,0.0,0.0
2026-07-17,Z1,Industrial Plant - Riyadh,445.22,5.5,False,451.63,-6.409999999999968,-0.2532797755269448,-0.014193034120851069,False,0.0,0.0
2026-07-18,Z1,Industrial Plant - Riyadh,414.91,5.5,False,451.565,-36.65499999999997,-1.448357281113916,-0.08117325302005242,False,0.0,0.0
2026-07-19,Z1,Industrial Plant - Riyadh,420.41,5.5,False,451.565,-31.154999999999973,-1.2047447104195657,-0.06899338965597417,False,0.0,0.0
2026-07-20,Z1,Industrial Plant - Riyadh,446.83,5.5,False,449.925,-3.0950000000000273,-0.10340799507517412,-0.0068789242651553645,False,0.0,0.0
2026-07-21,Z1,Industrial Plant - Riyadh,456.12,5.5,False,447.525,8.595000000000027,0.3323633697979846,0.019205630970336916,False,0.0,0.0
2026-07-22,Z1,Industrial Plant - Riyadh,434.99,5.5,False,447.525,-12.534999999999968,-0.4952982817831921,-0.028009608401765196,False,0.0,0.0
2026-07-23,Z1,Industrial Plant - Riyadh,459.48,5.5,False,446.585,12.895000000000039,0.5391327037626351,0.028874682311318203,False,0.0,0.0
2026-07-24,Z1,Industrial Plant - Riyadh,500.51,5.5,False,446.585,53.92500000000001,2.193060850453743,0.1207496893088662,False,0.0,0.0
2026-07-25,Z1,Industrial Plant - Riyadh,593.7,5.5,True,446.585,147.11500000000007,5.319094509804298,0.32942217047146694,True,147.11500000000007,809.1325000000004
2026-07-26,Z1,Industrial Plant - Riyadh,579.38,5.5,True,447.525,131.85500000000002,4.767353475785919,0.29463158482766333,True,131.85500000000002,725.2025000000001
2026-07-27,Z1,Industrial Plant - Riyadh,622.2,5.5,True,449.925,172.27500000000003,6.023737459244703,0.3828971495249209,True,172.27500000000003,947.5125000000002
2026-07-28,Z1,Industrial Plant - Riyadh,588.74,5.5,True,449.925,138.815,4.546221644901356,0.30852919931099626,True,138.815,763.4825
2026-07-29,Z1,Industrial Plant - Riyadh,558.11,5.5,True,449.925,108.185,3.276595546204554,0.24045118630882925,True,108.185,595.0175
2026-07-30,Z1,Industrial Plant - Riyadh,589.7,5.5,True,453.875,135.82500000000005,3.3927490938212603,0.2992564031947123,True,135.82500000000005,747.0375000000003
2026-07-31,Z1,Industrial Plant - Riyadh,583.05,5.5,True,456.475,126.57499999999993,2.759329925040398,0.2772879128101209,True,126.57499999999993,696.1624999999997
2026-08-01,Z1,Industrial Plant - Riyadh,638.23,5.5,True,458.155,180.07500000000005,3.491453065404175,0.3930438388754899,True,180.07500000000005,990.4125000000003
2026-08-02,Z1,Industrial Plant - Riyadh,652.96,5.5,True,465.84000000000003,187.12,3.6537804418690176,0.40168298128112656,True,187.12,1029.16
2026-08-03,Z1,Industrial Plant - Riyadh,705.59,5.5,True,472.28499999999997,233.30500000000006,4.637161238829739,0.49399197518447563,True,233.30500000000006,1283.1775000000002
2026-08-04,Z1,Industrial Plant - Riyadh,755.16,5.5,True,477.135,278.025,4.8349953178672305,0.5826967210537898,True,278.025,1529.1374999999998
2026-08-05,Z1,Industrial Plant - Riyadh,439.71,5.5,False,486.495,-46.785000000000025,-0.5834529015829256,-0.09616748373570135,False,0.0,0.0
2026-08-06,Z1,Industrial Plant - Riyadh,453.4,5.5,False,477.135,-23.735000000000014,-0.29986491549851557,-0.049744831127458713,False,0.0,0.0
2026-08-07,Z1,Industrial Plant - Riyadh,461.27,5.5,False,472.28499999999997,-11.014999999999986,-0.15306753985340588,-0.02332278179489077,False,0.0,0.0
2026-08-08,Z1,Industrial Plant - Riyadh,435.6,5.5,False,466.735,-31.13499999999999,-0.47138652741422626,-0.06670808917265685,False,0.0,0.0
2026-08-09,Z1,Industrial Plant - Riyadh,422.53,5.5,False,466.735,-44.20500000000004,-0.6223307038752436,-0.09471113158430382,False,0.0,0.0
2026-08-10,Z1,Industrial Plant - Riyadh,434.41,5.5,False,466.735,-32.32499999999999,-0.4302923583990712,-0.06925771583446708,False,0.0,0.0
2026-08-11,Z1,Industrial Plant - Riyadh,411.48,5.5,False,460.375,-48.89499999999998,-0.7281789729434338,-0.10620689655172409,False,0.0,0.0
2026-08-12,Z1,Industrial Plant - Riyadh,437.12,5.5,False,458.155,-21.034999999999968,-0.28916566036054525,-0.04591240955571797,False,0.0,0.0
2026-08-13,Z1,Industrial Plant - Riyadh,432.6,5.5,False,457.8,-25.19999999999999,-0.3523094028150105,-0.055045871559633,False,0.0,0.0
2026-08-14,Z1,Industrial Plant - Riyadh,425.97,5.5,False,457.8,-31.829999999999984,-0.4450003290318168,-0.06952817824377454,False,0.0,0.0
2026-08-15,Z1,Industrial Plant - Riyadh,418.9,5.5,False,457.8,-38.900000000000034,-0.5438426892660289,-0.08497160332022724,False,0.0,0.0
2026-08-16,Z1,Industrial Plant - Riyadh,400.07,5.5,False,457.8,-57.73000000000002,-0.8070961041472449,-0.12610310179117523,False,0.0,0.0
2026-08-17,Z1,Industrial Plant - Riyadh,439.31,5.5,False,457.8,-18.49000000000001,-0.2476682383620742,-0.04038881607688949,False,0.0,0.0
2026-08-18,Z1,Industrial Plant - Riyadh,438.99,5.5,False,457.8,-18.810000000000002,-0.272081732484554,-0.041087811271297514,False,0.0,0.0
2026-08-19,Z1,Industrial Plant - Riyadh,418.37,5.5,False,456.44,-38.06999999999999,-0.7119884434569238,-0.08340636228200857,False,0.0,0.0
2026-08-20,Z1,Industrial Plant - Riyadh,420.02,5.5,False,456.44,-36.420000000000016,-0.7424239806615067,-0.07979142932258351,False,0.0,0.0
2026-08-21,Z1,Industrial Plant - Riyadh,436.22,5.5,False,446.55499999999995,-10.334999999999923,-0.23880993488148544,-0.023143845662908093,False,0.0,0.0
2026-08-22,Z1,Industrial Plant - Riyadh,416.25,5.5,False,439.51,-23.25999999999999,-0.5844162810737784,-0.052922572865236266,False,0.0,0.0
2026-08-23,Z1,Industrial Plant - Riyadh,429.29,5.5,False,439.15,-9.859999999999957,-0.30746550570685083,-0.022452464989183553,False,0.0,0.0
2026-08-24,Z1,Industrial Plant - Riyadh,447.4,5.5,False,438.055,9.34499999999997,0.3395618126496298,0.02133293764481622,False,0.0,0.0
2026-08-25,Z1,Industrial Plant - Riyadh,562.52,5.5,True,438.055,124.46499999999997,4.522585447986763,0.28413098811793036,True,124.46499999999997,684.5574999999999
2026-08-26,Z1,Industrial Plant - Riyadh,525.62,5.5,True,438.055,87.565,3.1817795746029884,0.1998949903550924,True,87.565,481.60749999999996
2026-08-27,Z1,Industrial Plant - Riyadh,515.2,5.5,True,438.055,77.14500000000004,2.803156344232829,0.17610802296515285,True,77.14500000000004,424.29750000000024
2026-08-28,Z1,Industrial Plant - Riyadh,517.92,5.5,True,438.055,79.86499999999995,2.9019908151163993,0.1823172889249066,True,79.86499999999995,439.2574999999997
2026-08-29,Z1,Industrial Plant - Riyadh,375.42,5.5,False,438.055,-62.63499999999999,-2.2759180455119985,-0.1429843284519067,False,0.0,0.0
2026-08-30,Z1,Industrial Plant - Riyadh,395.49,5.5,False,436.67,-41.18000000000001,-1.7001089196784172,-0.09430462362882727,False,0.0,0.0
2026-08-31,Z1,Industrial Plant - Riyadh,431.02,5.5,False,435.91,-4.890000000000043,-0.2200673770702637,-0.011217911954302592,False,0.0,0.0
2026-09-01,Z1,Industrial Plant - Riyadh,423.9,5.5,False,435.005,-11.105000000000018,-0.4997644626513826,-0.025528442201813814,False,0.0,0.0
2026-09-02,Z1,Industrial Plant - Riyadh,411.21,5.5,False,433.505,-22.295000000000016,-1.0661305553017144,-0.05142962595587137,False,0.0,0.0
2026-09-03,Z1,Industrial Plant - Riyadh,389.35,5.5,False,431.81,-42.45999999999998,-2.1565419915192887,-0.09833028415275231,False,0.0,0.0
2026-09-04,Z1,Industrial Plant - Riyadh,386.06,5.5,False,430.155,-44.09499999999997,-2.055757389951301,-0.10250956050725894,False,0.0,0.0
2026-09-05,Z1,Industrial Plant - Riyadh,381.35,5.5,False,427.63,-46.27999999999997,-2.149823164502529,-0.10822439959778307,False,0.0,0.0
2026-09-06,Z1,Industrial Plant - Riyadh,379.11,5.5,False,424.935,-45.82499999999999,-1.9549993075910759,-0.10784002259169047,False,0.0,0.0
2026-09-07,Z1,Industrial Plant - Riyadh,398.4,5.5,False,424.935,-26.535000000000025,-1.1320437889128043,-0.06244484450563033,False,0.0,0.0
2026-09-08,Z1,Industrial Plant - Riyadh,408.28,5.5,False,421.96,-13.680000000000007,-0.5836200878962562,-0.03242013460991565,False,0.0,0.0
2026-09-09,Z1,Industrial Plant - Riyadh,583.85,5.5,True,421.96,161.89000000000004,6.951666977664552,0.3836619584794769,True,161.89000000000004,890.3950000000002
2026-09-10,Z1,Industrial Plant - Riyadh,577.83,5.5,True,421.96,155.87000000000006,6.182468372808995,0.36939520333680936,True,155.87000000000006,857.2850000000003
2026-09-11,Z1,Industrial Plant - Riyadh,574.76,5.5,True,421.96,152.8,5.288630560514366,0.36211963219262494,True,152.8,840.4000000000001
2026-09-12,Z1,Industrial Plant - Riyadh,557.32,5.5,True,421.96,135.36000000000007,3.9404000519098847,0.3207887003507443,True,135.36000000000007,744.4800000000004
2026-09-13,Z1,Industrial Plant - Riyadh,545.11,5.5,True,426.595,118.51499999999999,3.086083287689171,0.2778161956891196,True,118.51499999999999,651.8325
2026-09-14,Z1,Industrial Plant - Riyadh,562.18,5.5,True,430.155,132.02499999999998,3.0260688988156494,0.3069242482361009,True,132.02499999999998,726.1374999999998
2026-09-15,Z1,Industrial Plant - Riyadh,569.98,5.5,True,430.155,139.82500000000005,2.8967417782021023,0.32505724680638387,True,139.82500000000005,769.0375000000003
2026-09-16,Z1,Industrial Plant - Riyadh,556.16,5.5,True,430.155,126.005,2.437840319766175,0.29292929292929293,True,126.005,693.0274999999999
2026-09-17,Z1,Industrial Plant - Riyadh,545.2,5.5,True,433.62,111.58000000000004,1.945825840408469,0.25732207923988754,False,0.0,0.0
2026-06-20,Z2,Commercial Complex - Dammam,183.38,6.2,False,207.04,-23.659999999999997,-1.6376040399400957,-0.11427743431221019,False,0.0,0.0
2026-06-21,Z2,Commercial Complex - Dammam,185.81,6.2,False,207.04,-21.22999999999999,-1.4694139377822577,-0.10254057187016997,False,0.0,0.0
2026-06-22,Z2,Commercial Complex - Dammam,218.53,6.2,False,207.04,11.490000000000009,0.7952692484747133,0.05549652241112833,False,0.0,0.0
2026-06-23,Z2,Commercial Complex - Dammam,213.5,6.2,False,207.04,6.460000000000008,0.4471226584113708,0.031201700154559545,False,0.0,0.0
2026-06-24,Z2,Commercial Complex - Dammam,210.99,6.2,False,207.04,3.950000000000017,0.27339543354874923,0.019078438948995448,False,0.0,0.0
2026-06-25,Z2,Commercial Complex - Dammam,207.04,6.2,False,207.04,0.0,0.0,0.0,False,0.0,0.0
2026-06-26,Z2,Commercial Complex - Dammam,191.5,6.2,False,207.04,-15.539999999999992,-1.0755860854044412,-0.07505795981452856,False,0.0,0.0
2026-06-27,Z2,Commercial Complex - Dammam,175.96,6.2,False,207.04,-31.079999999999984,-2.1511721708088825,-0.15011591962905713,False,0.0,0.0
2026-06-28,Z2,Commercial Complex - Dammam,178.59,6.2,False,199.26999999999998,-20.67999999999998,-1.4313462191868618,-0.10377879259296421,False,0.0,0.0
2026-06-29,Z2,Commercial Complex - Dammam,217.06,6.2,False,191.5,25.560000000000002,1.7691107041787344,0.13347258485639688,False,0.0,0.0
2026-06-30,Z2,Commercial Complex - Dammam,209.36,6.2,False,199.26999999999998,10.090000000000032,0.6983696011409813,0.05063481708235074,False,0.0,0.0
2026-07-01,Z2,Commercial Complex - Dammam,208.12,6.2,False,207.04,1.0800000000000125,0.07475115651459527,0.005216383307573476,False,0.0,0.0
2026-07-02,Z2,Commercial Complex - Dammam,204.9,6.2,False,207.57999999999998,-2.6799999999999784,-0.18549361061028832,-0.012910685037094029,False,0.0,0.0
2026-07-03,Z2,Commercial Complex - Dammam,194.89,6.2,False,207.04,-12.150000000000006,-0.8409505107891874,-0.058684312210200956,False,0.0,0.0
2026-07-04,Z2,Commercial Complex - Dammam,184.52,6.2,False,205.97,-21.44999999999999,-1.4846410252204159,-0.10414137981259401,False,0.0,0.0
2026-07-05,Z2,Commercial Complex - Dammam,187.4,6.2,False,204.9,-17.5,-1.2112455916716685,-0.0854075158613958,False,0.0,0.0
2026-07-06,Z2,Commercial Complex - Dammam,210.29,6.2,False,199.89499999999998,10.39500000000001,0.7194798814529718,0.05200230120813432,False,0.0,0.0
2026-07-07,Z2,Commercial Complex - Dammam,199.52,6.2,False,204.9,-5.3799999999999955,-0.3723715018967755,-0.026256710590531945,False,0.0,0.0
2026-07-08,Z2,Commercial Complex - Dammam,209.09,6.2,False,202.21,6.8799999999999955,0.47619255261148996,0.0340240344196627,False,0.0,0.0
2026-07-09,Z2,Commercial Complex - Dammam,195.14,6.2,False,204.9,-9.76000000000002,-0.6755289699837433,-0.04763299170326998,False,0.0,0.0
2026-07-10,Z2,Commercial Complex - Dammam,200.5,6.2,False,202.21,-1.710000000000008,-0.11835599781477502,-0.008456555066515048,False,0.0,0.0
2026-07-11,Z2,Commercial Complex - Dammam,193.25,6.2,False,200.5,-7.25,-0.5018017451211199,-0.03615960099750624,False,0.0,0.0
2026-07-12,Z2,Commercial Complex - Dammam,180.92,6.2,False,200.01,-19.090000000000003,-1.3212959054292661,-0.0954452277386131,False,0.0,0.0
2026-07-13,Z2,Commercial Complex - Dammam,195.64,6.2,False,199.52,-3.880000000000024,-0.268550451182063,-0.01944667201283091,False,0.0,0.0
2026-07-14,Z2,Commercial Complex - Dammam,196.88,6.2,False,197.57999999999998,-0.6999999999999886,-0.048449823666865954,-0.00354286871140798,False,0.0,0.0
2026-07-15,Z2,Commercial Complex - Dammam,193.33,6.2,False,196.88,-3.549999999999983,-0.245709820024823,-0.018031288094270535,False,0.0,0.0
2026-07-16,Z2,Commercial Complex - Dammam,183.85,6.2,False,196.26,-12.409999999999997,-0.8589461595797373,-0.0632324467543055,False,0.0,0.0
2026-07-17,Z2,Commercial Complex - Dammam,189.19,6.2,False,195.64,-6.449999999999989,-0.44643051807327133,-0.03296871805356772,False,0.0,0.0
2026-07-18,Z2,Commercial Complex - Dammam,166.03,6.2,False,195.39,-29.359999999999985,-2.03212403265601,-0.15026357541327595,False,0.0,0.0
2026-07-19,Z2,Commercial Complex - Dammam,172.84,6.2,False,195.39,-22.549999999999983,-1.560776462411206,-0.11541020523056443,False,0.0,0.0
2026-07-20,Z2,Commercial Complex - Dammam,186.9,6.2,False,195.39,-8.48999999999998,-0.5876271470452824,-0.04345155842161821,False,0.0,0.0
2026-07-21,Z2,Commercial Complex - Dammam,200.54,6.2,False,195.015,5.525000000000006,0.4484430139721049,0.028331154013793842,False,0.0,0.0
2026-07-22,Z2,Commercial Complex - Dammam,220.43,6.2,True,195.015,25.41500000000002,2.062837864271682,0.13032330846345164,False,0.0,0.0
2026-07-23,Z2,Commercial Complex - Dammam,219.62,6.2,True,195.015,24.605000000000018,1.9970932776078982,0.1261697818116556,False,0.0,0.0
2026-07-24,Z2,Commercial Complex - Dammam,228.34,6.2,True,195.015,33.32500000000002,2.134099649613819,0.17088429095197816,True,33.32500000000002,206.61500000000012
2026-07-25,Z2,Commercial Complex - Dammam,196.02,6.2,True,195.39,0.6300000000000239,0.039227249339512646,0.0032243205895901733,False,0.0,0.0
2026-07-26,Z2,Commercial Complex - Dammam,200.91,6.2,True,195.82999999999998,5.0800000000000125,0.3820923399097978,0.02594086707858864,False,0.0,0.0
2026-07-27,Z2,Commercial Complex - Dammam,235.37,6.2,True,196.45,38.920000000000016,2.9704305922295986,0.19811656910155265,True,38.920000000000016,241.30400000000012
2026-07-28,Z2,Commercial Complex - Dammam,219.8,6.2,True,196.45,23.350000000000023,1.7821057124501842,0.11885976075337248,False,0.0,0.0
2026-07-29,Z2,Commercial Complex - Dammam,224.97,6.2,True,196.45,28.52000000000001,2.1766875768342278,0.14517688979384072,False,0.0,0.0
2026-07-30,Z2,Commercial Complex - Dammam,228.96,6.2,True,196.45,32.51000000000002,2.3925471457265766,0.16548740137439563,True,32.51000000000002,201.56200000000013
2026-07-31,Z2,Commercial Complex - Dammam,235.84,6.2,True,196.45,39.390000000000015,2.753180416143324,0.20050903537795886,True,39.390000000000015,244.2180000000001
2026-08-01,Z2,Commercial Complex - Dammam,201.6,6.2,True,198.2,3.4000000000000057,0.20111980550058556,0.01715438950554998,False,0.0,0.0
2026-08-02,Z2,Commercial Complex - Dammam,160.69,6.2,False,200.01,-39.31999999999999,-2.6317019759483684,-0.1965901704914754,False,0.0,0.0
2026-08-03,Z2,Commercial Complex - Dammam,186.34,6.2,False,200.01,-13.669999999999987,-0.9149380979454265,-0.0683465826708664,False,0.0,0.0
2026-08-04,Z2,Commercial Complex - Dammam,189.34,6.2,False,198.2,-8.859999999999985,-0.6048570980731395,-0.04470232088799186,False,0.0,0.0
2026-08-05,Z2,Commercial Complex - Dammam,190.65,6.2,False,196.45,-5.799999999999983,-0.395956113862777,-0.029524051921608466,False,0.0,0.0
2026-08-06,Z2,Commercial Complex - Dammam,191.9,6.2,False,195.82999999999998,-3.9299999999999784,-0.2955950582373018,-0.020068426696624515,False,0.0,0.0
2026-08-07,Z2,Commercial Complex - Dammam,185.7,6.2,False,195.82999999999998,-10.129999999999995,-0.7619282289933543,-0.051728540060256324,False,0.0,0.0
2026-08-08,Z2,Commercial Complex - Dammam,169.04,6.2,False,194.485,-25.44500000000002,-1.9032345300673088,-0.13083271203434724,False,0.0,0.0
2026-08-09,Z2,Commercial Complex - Dammam,170.38,6.2,False,194.485,-24.105000000000018,-1.694045299003214,-0.12394272051829198,False,0.0,0.0
2026-08-10,Z2,Commercial Complex - Dammam,183.43,6.2,False,194.485,-11.055000000000007,-0.776920588279632,-0.05684243000745562,False,0.0,0.0
2026-08-11,Z2,Commercial Complex - Dammam,196.58,6.2,False,192.615,3.9650000000000034,0.27865130099762475,0.02058510500220649,False,0.0,0.0
2026-08-12,Z2,Commercial Complex - Dammam,195.19,6.2,False,192.615,2.5749999999999886,0.18096522069833038,0.01336863691820465,False,0.0,0.0
2026-08-13,Z2,Commercial Complex - Dammam,183.35,6.2,False,193.54500000000002,-10.195000000000022,-0.6037254866430108,-0.052675088480715185,False,0.0,0.0
2026-08-14,Z2,Commercial Complex - Dammam,188.07,6.2,False,193.54500000000002,-5.475000000000023,-0.3447222317978406,-0.028287995039913312,False,0.0,0.0
2026-08-15,Z2,Commercial Complex - Dammam,162.15,6.2,False,193.54500000000002,-31.39500000000001,-1.9767222771311714,-0.16221033868092696,False,0.0,0.0
2026-08-16,Z2,Commercial Complex - Dammam,167.96,6.2,False,193.54500000000002,-25.585000000000008,-1.6109074521548343,-0.132191480017567,False,0.0,0.0
2026-08-17,Z2,Commercial Complex - Dammam,192.69,6.2,False,193.54500000000002,-0.8550000000000182,-0.053833334828704796,-0.004417577307602977,False,0.0,0.0
2026-08-18,Z2,Commercial Complex - Dammam,183.42,6.2,False,193.94,-10.52000000000001,-0.5792361460974522,-0.054243580488811026,False,0.0,0.0
2026-08-19,Z2,Commercial Complex - Dammam,189.12,6.2,False,192.29500000000002,-3.1750000000000114,-0.21479520173903688,-0.016511089731922366,False,0.0,0.0
2026-08-20,Z2,Commercial Complex - Dammam,261.02,6.2,True,191.275,69.74499999999998,5.8256790117269475,0.36463207423866145,True,69.74499999999998,432.41899999999987
2026-08-21,Z2,Commercial Complex - Dammam,267.59,6.2,True,191.275,76.31499999999997,6.374459728725242,0.39898052542151335,True,76.31499999999997,473.15299999999985
2026-08-22,Z2,Commercial Complex - Dammam,254.14,6.2,True,191.275,62.86499999999998,5.251004531826146,0.32866291987975416,True,62.86499999999998,389.76299999999986
2026-08-23,Z2,Commercial Complex - Dammam,245.73,6.2,True,191.275,54.454999999999984,3.917802059445118,0.28469481113579914,True,54.454999999999984,337.6209999999999
2026-08-24,Z2,Commercial Complex - Dammam,263.7,6.2,True,191.275,72.42499999999998,3.185522872845932,0.37864331459939865,True,72.42499999999998,449.0349999999999
2026-08-25,Z2,Commercial Complex - Dammam,257.73,6.2,True,191.275,66.45500000000001,2.922939903555078,0.34743170827342834,True,66.45500000000001,412.0210000000001
2026-08-26,Z2,Commercial Complex - Dammam,255.73,6.2,True,191.275,64.45499999999998,2.8349724096552924,0.33697555875049,True,64.45499999999998,399.6209999999999
2026-08-27,Z2,Commercial Complex - Dammam,262.45,6.2,True,191.275,71.17499999999998,3.1305431891585673,0.3721082211475623,True,71.17499999999998,441.2849999999999
2026-08-28,Z2,Commercial Complex - Dammam,271.52,6.2,True,191.275,80.24499999999998,3.529475773994088,0.4195268592340869,True,80.24499999999998,497.5189999999999
2026-08-29,Z2,Commercial Complex - Dammam,249.67,6.2,True,191.275,58.39499999999998,2.5684309031389465,0.30529342569598733,True,58.39499999999998,362.0489999999999
2026-08-30,Z2,Commercial Complex - Dammam,165.3,6.2,False,191.275,-25.974999999999994,-0.8255341018920739,-0.13579924192915954,False,0.0,0.0
2026-08-31,Z2,Commercial Complex - Dammam,180.96,6.2,False,191.275,-10.314999999999998,-0.32783000042412863,-0.05392759116455364,False,0.0,0.0
2026-09-01,Z2,Commercial Complex - Dammam,188.08,6.2,False,191.275,-3.194999999999993,-0.10154307817305759,-0.016703698862893704,False,0.0,0.0
2026-09-02,Z2,Commercial Complex - Dammam,181.52,6.2,False,191.275,-9.754999999999995,-0.3047548568177016,-0.05099986929813094,False,0.0,0.0
2026-09-03,Z2,Commercial Complex - Dammam,195.8,6.2,False,190.51,5.2900000000000205,0.16526429447110697,0.02776757125610215,False,0.0,0.0
2026-09-04,Z2,Commercial Complex - Dammam,191.25,6.2,False,190.905,0.34499999999999886,0.010224047101029197,0.0018071815824624753,False,0.0,0.0
2026-09-05,Z2,Commercial Complex - Dammam,161.32,6.2,False,191.97,-30.650000000000006,-0.8431134493457437,-0.15966036359847896,False,0.0,0.0
2026-09-06,Z2,Commercial Complex - Dammam,153.53,6.2,False,191.97,-38.44,-1.054388970893872,-0.20023962077407928,False,0.0,0.0
2026-09-07,Z2,Commercial Complex - Dammam,174.71,6.2,False,191.97,-17.25999999999999,-0.4560905194345164,-0.08990988175235709,False,0.0,0.0
2026-09-08,Z2,Commercial Complex - Dammam,172.69,6.2,False,191.97,-19.28,-0.5094684365409896,-0.10043235922279524,False,0.0,0.0
2026-09-09,Z2,Commercial Complex - Dammam,176.99,6.2,False,190.185,-13.194999999999993,-0.3744963421541626,-0.06937981439125059,False,0.0,0.0
2026-09-10,Z2,Commercial Complex - Dammam,177.92,6.2,False,188.60000000000002,-10.680000000000035,-0.3188121846076593,-0.05662778366914122,False,0.0,0.0
2026-09-11,Z2,Commercial Complex - Dammam,174.99,6.2,False,188.60000000000002,-13.610000000000014,-0.40627657607773715,-0.0721633085896077,False,0.0,0.0
2026-09-12,Z2,Commercial Complex - Dammam,151.56,6.2,False,188.60000000000002,-37.04000000000002,-1.1056931945568977,-0.19639448568398735,False,0.0,0.0
2026-09-13,Z2,Commercial Complex - Dammam,144.25,6.2,False,188.60000000000002,-44.35000000000002,-1.3239064033098924,-0.23515376458112416,False,0.0,0.0
2026-09-14,Z2,Commercial Complex - Dammam,161.67,6.2,False,188.60000000000002,-26.930000000000035,-0.7228747847061878,-0.14278897136797472,False,0.0,0.0
2026-09-15,Z2,Commercial Complex - Dammam,170.1,6.2,False,185.75,-15.650000000000006,-0.4730351954205111,-0.08425302826379545,False,0.0,0.0
2026-09-16,Z2,Commercial Complex - Dammam,171.14,6.2,False,184.8,-13.660000000000025,-0.4128856721689579,-0.07391774891774905,False,0.0,0.0
2026-09-17,Z2,Commercial Complex - Dammam,162.9,6.2,False,181.24,-18.340000000000003,-0.6595660105998796,-0.10119178989185612,False,0.0,0.0
2026-06-20,Z3,Residential Compound - Jeddah,306.09,4.8,False,306.29,-0.20000000000004547,-0.013674419857612731,-0.0006529759378368392,False,0.0,0.0
2026-06-21,Z3,Residential Compound - Jeddah,306.29,4.8,False,306.29,0.0,0.0,0.0,False,0.0,0.0
2026-06-22,Z3,Residential Compound - Jeddah,302.92,4.8,False,306.29,-3.3700000000000045,-0.23041397460072244,-0.011002644552548253,False,0.0,0.0
2026-06-23,Z3,Residential Compound - Jeddah,309.8,4.8,False,306.29,3.509999999999991,0.23998606850104823,0.011459727709033892,False,0.0,0.0
2026-06-24,Z3,Residential Compound - Jeddah,292.99,4.8,False,306.29,-13.300000000000011,-0.9093489205310405,-0.043422899866139966,False,0.0,0.0
2026-06-25,Z3,Residential Compound - Jeddah,306.74,4.8,False,306.29,0.44999999999998863,0.03076744467962087,0.0014691958601325168,False,0.0,0.0
2026-06-26,Z3,Residential Compound - Jeddah,309.93,4.8,False,306.29,3.6399999999999864,0.24887444140849418,0.011884162068627725,False,0.0,0.0
2026-06-27,Z3,Residential Compound - Jeddah,308.1,4.8,False,306.29,1.8100000000000023,0.12375349971136723,0.005909432237422058,False,0.0,0.0
2026-06-28,Z3,Residential Compound - Jeddah,309.05,4.8,False,306.515,2.535000000000025,0.17332327169520367,0.008270394597328107,False,0.0,0.0
2026-06-29,Z3,Residential Compound - Jeddah,297.05,4.8,False,306.74,-9.689999999999998,-0.662525642101186,-0.0315902718915042,False,0.0,0.0
2026-06-30,Z3,Residential Compound - Jeddah,294.44,4.8,False,306.515,-12.074999999999989,-0.8255930989031801,-0.03939448314111867,False,0.0,0.0
2026-07-01,Z3,Residential Compound - Jeddah,301.31,4.8,False,306.29,-4.980000000000018,-0.3404930544544808,-0.016259100852133657,False,0.0,0.0
2026-07-02,Z3,Residential Compound - Jeddah,310.96,4.8,False,306.19,4.769999999999982,0.3261349136039882,0.015578562330578994,False,0.0,0.0
2026-07-03,Z3,Residential Compound - Jeddah,302.06,4.8,False,306.29,-4.230000000000018,-0.2892139799884447,-0.013810441085246067,False,0.0,0.0
2026-07-04,Z3,Residential Compound - Jeddah,322.31,4.8,False,306.19,16.120000000000005,1.1021582405233359,0.052647049217805955,False,0.0,0.0
2026-07-05,Z3,Residential Compound - Jeddah,323.39,4.8,False,306.29,17.099999999999966,1.1691628978256203,0.055829442685036944,False,0.0,0.0
2026-07-06,Z3,Residential Compound - Jeddah,303.74,4.8,False,306.515,-2.7749999999999773,-0.18973257552433195,-0.009053390535536523,False,0.0,0.0
2026-07-07,Z3,Residential Compound - Jeddah,298.66,4.8,False,306.29,-7.6299999999999955,-0.5216791175678067,-0.024911032028469733,False,0.0,0.0
2026-07-08,Z3,Residential Compound - Jeddah,282.07,4.8,False,306.19,-24.120000000000005,-1.6491350348277207,-0.07877461706783372,False,0.0,0.0
2026-07-09,Z3,Residential Compound - Jeddah,268.46,4.8,False,306.09,-37.629999999999995,-2.57284209620925,-0.1229376980626613,False,0.0,0.0
2026-07-10,Z3,Residential Compound - Jeddah,276.79,4.8,False,304.91499999999996,-28.124999999999943,-1.9229652924763492,-0.09223882065493645,False,0.0,0.0
2026-07-11,Z3,Residential Compound - Jeddah,282.23,4.8,False,303.74,-21.50999999999999,-1.470683855685914,-0.07081714624349769,False,0.0,0.0
2026-07-12,Z3,Residential Compound - Jeddah,287.11,4.8,False,303.33000000000004,-16.220000000000027,-1.1089954504521422,-0.05347311508917689,False,0.0,0.0
2026-07-13,Z3,Residential Compound - Jeddah,273.74,4.8,False,302.92,-29.180000000000007,-1.9950978572252442,-0.09632906377921566,False,0.0,0.0
2026-07-14,Z3,Residential Compound - Jeddah,259.68,4.8,False,302.49,-42.81,-2.9270095705213395,-0.1415253396806506,False,0.0,0.0
2026-07-15,Z3,Residential Compound - Jeddah,272.34,4.8,False,302.06,-29.720000000000027,-2.0320187908407914,-0.09839104813613199,False,0.0,0.0
2026-07-16,Z3,Residential Compound - Jeddah,272.06,4.8,False,301.685,-29.625,-2.025523441408425,-0.09819845202777731,False,0.0,0.0
2026-07-17,Z3,Residential Compound - Jeddah,276.55,4.8,False,301.31,-24.75999999999999,-1.6928931783720704,-0.08217450466297166,False,0.0,0.0
2026-07-18,Z3,Residential Compound - Jeddah,280.2,4.8,False,299.985,-19.785000000000025,-1.3527419844140336,-0.06595329766488332,False,0.0,0.0
2026-07-19,Z3,Residential Compound - Jeddah,281.24,4.8,False,297.855,-16.61500000000001,-0.9592693317957313,-0.05578217589095368,False,0.0,0.0
2026-07-20,Z3,Residential Compound - Jeddah,289.4,4.8,False,295.745,-6.345000000000027,-0.3300920839860404,-0.02145429339464751,False,0.0,0.0
2026-07-21,Z3,Residential Compound - Jeddah,286.46,4.8,False,293.71500000000003,-7.255000000000052,-0.37743389587371634,-0.024700815416305096,False,0.0,0.0
2026-07-22,Z3,Residential Compound - Jeddah,288.57,4.8,False,291.195,-2.625,-0.14739132100945385,-0.009014577860196776,False,0.0,0.0
2026-07-23,Z3,Residential Compound - Jeddah,355.13,4.8,True,288.985,66.14499999999998,3.9976873911809387,0.22888731249026759,True,66.14499999999998,317.4959999999999
2026-07-24,Z3,Residential Compound - Jeddah,398.04,4.8,True,288.985,109.055,6.2614675271096045,0.3773725279858816,True,109.055,523.464
2026-07-25,Z3,Residential Compound - Jeddah,437.8,4.8,True,288.985,148.815,8.348874391475105,0.5149575237469073,True,148.815,714.312
2026-07-26,Z3,Residential Compound - Jeddah,449.44,4.8,True,288.985,160.45499999999998,8.236332938494458,0.555236430956624,True,160.45499999999998,770.1839999999999
2026-07-27,Z3,Residential Compound - Jeddah,435.11,4.8,True,288.985,146.125,6.823119572759953,0.5056490821322905,True,146.125,701.4
2026-07-28,Z3,Residential Compound - Jeddah,291.53,4.8,False,288.985,2.544999999999959,0.10099008576954904,0.008806685468103738,False,0.0,0.0
2026-07-29,Z3,Residential Compound - Jeddah,288.73,4.8,False,288.985,-0.25499999999999545,-0.009750291591073079,-0.0008823987404190371,False,0.0,0.0
2026-07-30,Z3,Residential Compound - Jeddah,332.45,4.8,True,288.65,43.80000000000001,1.674755967407877,0.15174086263641093,False,0.0,0.0
2026-07-31,Z3,Residential Compound - Jeddah,318.84,4.8,True,288.65,30.189999999999998,1.0366743555351143,0.10459033431491425,False,0.0,0.0
2026-08-01,Z3,Residential Compound - Jeddah,325.75,4.8,True,288.65,37.10000000000002,1.1451141597795114,0.12852936081759925,False,0.0,0.0
2026-08-02,Z3,Residential Compound - Jeddah,308.73,4.8,True,288.65,20.08000000000004,0.6197814643766205,0.0695652173913045,False,0.0,0.0
2026-08-03,Z3,Residential Compound - Jeddah,297.46,4.8,True,288.65,8.810000000000002,0.27192603093416423,0.030521392690109138,False,0.0,0.0
2026-08-04,Z3,Residential Compound - Jeddah,325.55,4.8,True,288.65,36.900000000000034,1.1389410376243663,0.12783648016629148,False,0.0,0.0
2026-08-05,Z3,Residential Compound - Jeddah,320.75,4.8,True,288.65,32.10000000000002,0.8790561664311286,0.11120734453490395,False,0.0,0.0
2026-08-06,Z3,Residential Compound - Jeddah,318.59,4.8,True,289.065,29.524999999999977,0.7121802297200341,0.1021396571705325,False,0.0,0.0
2026-08-07,Z3,Residential Compound - Jeddah,270.22,4.8,False,290.465,-20.244999999999948,-0.468320858290445,-0.0696985867488336,False,0.0,0.0
2026-08-08,Z3,Residential Compound - Jeddah,264.07,4.8,False,290.465,-26.394999999999982,-0.6200499293473126,-0.09087153357547376,False,0.0,0.0
2026-08-09,Z3,Residential Compound - Jeddah,278.59,4.8,False,290.465,-11.875,-0.2789578674369897,-0.040882722531113906,False,0.0,0.0
2026-08-10,Z3,Residential Compound - Jeddah,278.93,4.8,False,290.465,-11.534999999999968,-0.2709708632324772,-0.03971218563338085,False,0.0,0.0
2026-08-11,Z3,Residential Compound - Jeddah,276.95,4.8,False,290.465,-13.514999999999986,-0.3260279904980752,-0.04652884168488454,False,0.0,0.0
2026-08-12,Z3,Residential Compound - Jeddah,287.32,4.8,False,290.465,-3.144999999999982,-0.07938154882791215,-0.010827466304029684,False,0.0,0.0
2026-08-13,Z3,Residential Compound - Jeddah,265.6,4.8,False,290.465,-24.864999999999952,-0.7092171576016721,-0.0856041175356754,False,0.0,0.0
2026-08-14,Z3,Residential Compound - Jeddah,281.66,4.8,False,290.465,-8.80499999999995,-0.2511424521489121,-0.03031346289570155,False,0.0,0.0
2026-08-15,Z3,Residential Compound - Jeddah,277.9,4.8,False,290.465,-12.564999999999998,-0.4005187331201999,-0.04325822388239547,False,0.0,0.0
2026-08-16,Z3,Residential Compound - Jeddah,263.37,4.8,False,290.465,-27.09499999999997,-0.9064018414392229,-0.09328146248257095,False,0.0,0.0
2026-08-17,Z3,Residential Compound - Jeddah,254.2,4.8,False,290.465,-36.264999999999986,-1.0320847001020585,-0.12485153116554487,False,0.0,0.0
2026-08-18,Z3,Residential Compound - Jeddah,273.79,4.8,False,290.13,-16.339999999999975,-0.41162199850037606,-0.05631958087753757,False,0.0,0.0
2026-08-19,Z3,Residential Compound - Jeddah,267.92,4.8,False,290.13,-22.20999999999998,-0.5594935487572434,-0.0765518905318305,False,0.0,0.0
2026-08-20,Z3,Residential Compound - Jeddah,255.82,4.8,False,290.13,-34.31,-0.8643054325916724,-0.11825733291972565,False,0.0,0.0
2026-08-21,Z3,Residential Compound - Jeddah,245.02,4.8,False,288.025,-43.00499999999997,-1.212138533693731,-0.14930995573300918,False,0.0,0.0
2026-08-22,Z3,Residential Compound - Jeddah,310.59,4.8,True,284.49,26.099999999999966,0.847578662606601,0.09174311926605493,False,0.0,0.0
2026-08-23,Z3,Residential Compound - Jeddah,296.15,4.8,True,284.49,11.659999999999968,0.37865008452080284,0.04098562339625283,False,0.0,0.0
2026-08-24,Z3,Residential Compound - Jeddah,285.17,4.8,True,284.49,0.6800000000000068,0.023335218338544357,0.002390242187774638,False,0.0,0.0
2026-08-25,Z3,Residential Compound - Jeddah,318.52,4.8,True,283.415,35.10499999999996,1.2965365153415962,0.12386429793765312,False,0.0,0.0
2026-08-26,Z3,Residential Compound - Jeddah,337.8,4.8,True,283.415,54.38499999999999,1.8663027196201794,0.19189174884886118,False,0.0,0.0
2026-08-27,Z3,Residential Compound - Jeddah,334.35,4.8,True,283.415,50.935,1.6540773632133057,0.1797187869378826,False,0.0,0.0
2026-08-28,Z3,Residential Compound - Jeddah,253.33,4.8,False,283.415,-30.085000000000008,-0.976988661475848,-0.10615175625849022,False,0.0,0.0
2026-08-29,Z3,Residential Compound - Jeddah,263.65,4.8,False,280.295,-16.64500000000004,-0.5772926438610593,-0.05938386342960109,False,0.0,0.0
2026-08-30,Z3,Residential Compound - Jeddah,284.54,4.8,False,278.76,5.78000000000003,0.23088875272577666,0.020734682163868666,False,0.0,0.0
2026-08-31,Z3,Residential Compound - Jeddah,268.12,4.8,False,278.76,-10.639999999999986,-0.43659812506956436,-0.03816903429473378,False,0.0,0.0
2026-09-01,Z3,Residential Compound - Jeddah,268.98,4.8,False,278.245,-9.264999999999986,-0.415502452563208,-0.03329799277615046,False,0.0,0.0
2026-09-02,Z3,Residential Compound - Jeddah,259.44,4.8,False,277.42499999999995,-17.984999999999957,-0.8711465931193214,-0.06482833198161651,False,0.0,0.0
2026-09-03,Z3,Residential Compound - Jeddah,255.75,4.8,False,275.37,-19.620000000000005,-1.0360938501413834,-0.07124959145876458,False,0.0,0.0
2026-09-04,Z3,Residential Compound - Jeddah,258.37,4.8,False,272.005,-13.634999999999991,-0.8468399176301458,-0.05012775500450356,False,0.0,0.0
2026-09-05,Z3,Residential Compound - Jeddah,265.31,4.8,False,271.385,-6.074999999999989,-0.37730491379560904,-0.0223851723566151,False,0.0,0.0
2026-09-06,Z3,Residential Compound - Jeddah,244.73,4.8,False,271.385,-26.655,-1.8860268758299132,-0.09821839821655583,False,0.0,0.0
2026-09-07,Z3,Residential Compound - Jeddah,250.73,4.8,False,268.55,-17.82000000000002,-1.1067610804671233,-0.06635635822007083,False,0.0,0.0
2026-09-08,Z3,Residential Compound - Jeddah,243.28,4.8,False,268.02,-24.73999999999998,-1.5365470892680457,-0.09230654428773966,False,0.0,0.0
2026-09-09,Z3,Residential Compound - Jeddah,262.01,4.8,False,266.76,-4.75,-0.29740831817255314,-0.017806267806267807,False,0.0,0.0
2026-09-10,Z3,Residential Compound - Jeddah,260.67,4.8,False,265.45500000000004,-4.785000000000025,-0.3208986611081812,-0.018025654065660937,False,0.0,0.0
2026-09-11,Z3,Residential Compound - Jeddah,254.31,4.8,False,264.48,-10.170000000000016,-0.6611634721809151,-0.03845281306715069,False,0.0,0.0
2026-09-12,Z3,Residential Compound - Jeddah,263.5,4.8,False,263.51,-0.009999999999990905,-0.0006501115753985375,-3.7949223938335945e-05,False,0.0,0.0
2026-09-13,Z3,Residential Compound - Jeddah,257.76,4.8,False,263.435,-5.675000000000011,-0.3095620752146937,-0.02154231594131384,False,0.0,0.0
2026-09-14,Z3,Residential Compound - Jeddah,241.07,4.8,False,262.755,-21.685000000000002,-1.3618558770251357,-0.08252935243858348,False,0.0,0.0
2026-09-15,Z3,Residential Compound - Jeddah,242.63,4.8,False,262.755,-20.125,-1.2638851521849597,-0.0765922627542768,False,0.0,0.0
2026-09-16,Z3,Residential Compound - Jeddah,248.99,4.8,False,261.34000000000003,-12.350000000000023,-0.7756015716513929,-0.04725644753960366,False,0.0,0.0
2026-09-17,Z3,Residential Compound - Jeddah,241.16,4.8,False,260.055,-18.89500000000001,-1.267164096476288,-0.07265770702351429,False,0.0,0.0
2026-06-20,Z4,Desalination Feed Line - Jubail,1053.88,3.9,False,1083.78,-29.899999999999864,-0.846652968444591,-0.027588624997693132,False,0.0,0.0
2026-06-21,Z4,Desalination Feed Line - Jubail,1071.24,3.9,False,1083.78,-12.539999999999964,-0.35508455599649463,-0.011570613962243226,False,0.0,0.0
2026-06-22,Z4,Desalination Feed Line - Jubail,1147.8,3.9,False,1083.78,64.01999999999998,1.8128001016663193,0.05907102917566294,False,0.0,0.0
2026-06-23,Z4,Desalination Feed Line - Jubail,1046.75,3.9,False,1083.78,-37.02999999999997,-1.0485471378429205,-0.03416745095868163,False,0.0,0.0
2026-06-24,Z4,Desalination Feed Line - Jubail,1116.55,3.9,False,1083.78,32.76999999999998,0.9279203269541592,0.03023676391887651,False,0.0,0.0
2026-06-25,Z4,Desalination Feed Line - Jubail,1117.32,3.9,False,1083.78,33.539999999999964,0.9497237646030663,0.03094724021480371,False,0.0,0.0
2026-06-26,Z4,Desalination Feed Line - Jubail,1083.78,3.9,False,1083.78,0.0,0.0,0.0,False,0.0,0.0
2026-06-27,Z4,Desalination Feed Line - Jubail,1035.37,3.9,False,1083.78,-48.41000000000008,-1.370784956602104,-0.044667736994593074,False,0.0,0.0
2026-06-28,Z4,Desalination Feed Line - Jubail,1077.16,3.9,False,1077.51,-0.34999999999990905,-0.009910653476773619,-0.0003248229714804587,False,0.0,0.0
2026-06-29,Z4,Desalination Feed Line - Jubail,1093.77,3.9,False,1077.16,16.6099999999999,0.47033129785500455,0.015420178989193713,False,0.0,0.0
2026-06-30,Z4,Desalination Feed Line - Jubail,1024.33,3.9,False,1080.47,-56.1400000000001,-1.5896688176749043,-0.051958869751126915,False,0.0,0.0
2026-07-01,Z4,Desalination Feed Line - Jubail,1052.89,3.9,False,1077.16,-24.269999999999982,-0.6872330282324516,-0.022531471647666067,False,0.0,0.0
2026-07-02,Z4,Desalination Feed Line - Jubail,1098.51,3.9,False,1074.2,24.309999999999945,0.6883656743440821,0.022630795010240127,False,0.0,0.0
2026-07-03,Z4,Desalination Feed Line - Jubail,1114.62,3.9,False,1077.16,37.45999999999981,1.0607230835429553,0.034776634854617516,False,0.0,0.0
2026-07-04,Z4,Desalination Feed Line - Jubail,1047.23,3.9,False,1080.47,-33.24000000000001,-0.9412289187658308,-0.03076438957120513,False,0.0,0.0
2026-07-05,Z4,Desalination Feed Line - Jubail,993.71,3.9,False,1077.16,-83.45000000000005,-2.3629829503913538,-0.07747224182108511,False,0.0,0.0
2026-07-06,Z4,Desalination Feed Line - Jubail,1018.34,3.9,False,1074.2,-55.860000000000014,-1.581740294893481,-0.05200148948054367,False,0.0,0.0
2026-07-07,Z4,Desalination Feed Line - Jubail,1152.64,3.9,False,1071.24,81.40000000000009,2.3049348371702374,0.07598670699376432,False,0.0,0.0
2026-07-08,Z4,Desalination Feed Line - Jubail,1055.28,3.9,False,1074.2,-18.920000000000073,-0.5357416108017323,-0.01761310742878428,False,0.0,0.0
2026-07-09,Z4,Desalination Feed Line - Jubail,1022.28,3.9,False,1071.24,-48.960000000000036,-1.3863588406370366,-0.0457040439117285,False,0.0,0.0
2026-07-10,Z4,Desalination Feed Line - Jubail,1047.35,3.9,False,1063.26,-15.910000000000082,-0.4505099909014573,-0.014963414404755264,False,0.0,0.0
2026-07-11,Z4,Desalination Feed Line - Jubail,1021.87,3.9,False,1055.28,-33.40999999999997,-0.9460426647402638,-0.031659843832916354,False,0.0,0.0
2026-07-12,Z4,Desalination Feed Line - Jubail,1015.81,3.9,False,1054.58,-38.76999999999998,-1.097817243698894,-0.03676345085247206,False,0.0,0.0
2026-07-13,Z4,Desalination Feed Line - Jubail,1113.66,3.9,False,1053.88,59.77999999999997,1.6927396138333732,0.05672372566136559,False,0.0,0.0
2026-07-14,Z4,Desalination Feed Line - Jubail,1053.83,3.9,False,1054.58,-0.75,-0.021237114593091844,-0.0007111835991579587,False,0.0,0.0
2026-07-15,Z4,Desalination Feed Line - Jubail,1047.98,3.9,False,1053.88,-5.900000000000091,-0.16706530146565843,-0.005598360344631353,False,0.0,0.0
2026-07-16,Z4,Desalination Feed Line - Jubail,1051.66,3.9,False,1053.855,-2.1949999999999363,-0.06215395537578033,-0.0020828292317253668,False,0.0,0.0
2026-07-17,Z4,Desalination Feed Line - Jubail,1016.51,3.9,False,1053.83,-37.319999999999936,-1.0567588221522484,-0.03541368152358534,False,0.0,0.0
2026-07-18,Z4,Desalination Feed Line - Jubail,952.25,3.9,False,1053.3600000000001,-101.11000000000013,-2.863046208676692,-0.09598807625123426,False,0.0,0.0
2026-07-19,Z4,Desalination Feed Line - Jubail,986.08,3.9,False,1052.275,-66.19500000000005,-1.6124202175353322,-0.06290655959706355,False,0.0,0.0
2026-07-20,Z4,Desalination Feed Line - Jubail,1082.03,3.9,False,1049.8200000000002,32.20999999999981,0.6947664650700677,0.030681450153359435,False,0.0,0.0
2026-07-21,Z4,Desalination Feed Line - Jubail,1075.66,3.9,False,1049.8200000000002,25.839999999999918,0.5573662048249177,0.024613743308376592,False,0.0,0.0
2026-07-22,Z4,Desalination Feed Line - Jubail,1059.71,3.9,False,1052.275,7.434999999999945,0.13937851019200795,0.007065643486731078,False,0.0,0.0
2026-07-23,Z4,Desalination Feed Line - Jubail,1049.12,3.9,False,1052.275,-3.1550000000002,-0.06747046119685464,-0.0029982656624933596,False,0.0,0.0
2026-07-24,Z4,Desalination Feed Line - Jubail,1029.74,3.9,False,1050.3899999999999,-20.649999999999864,-0.5030059293315864,-0.019659364616951672,False,0.0,0.0
2026-07-25,Z4,Desalination Feed Line - Jubail,1047.69,3.9,False,1048.55,-0.8599999999999,-0.020774001366274657,-0.0008201802489150732,False,0.0,0.0
2026-07-26,Z4,Desalination Feed Line - Jubail,1010.66,3.9,False,1048.55,-37.889999999999986,-0.9477639486952814,-0.03613561585046015,False,0.0,0.0
2026-07-27,Z4,Desalination Feed Line - Jubail,977.47,3.9,False,1047.835,-70.36500000000001,-2.0543465984447873,-0.0671527482857511,False,0.0,0.0
2026-07-28,Z4,Desalination Feed Line - Jubail,936.5,3.9,False,1047.52,-111.01999999999998,-3.237788957608552,-0.10598365663662744,False,0.0,0.0
2026-07-29,Z4,Desalination Feed Line - Jubail,970.37,3.9,False,1047.52,-77.14999999999998,-2.2500037658034566,-0.07365014510462806,False,0.0,0.0
2026-07-30,Z4,Desalination Feed Line - Jubail,1024.68,3.9,False,1047.29,-22.6099999999999,-0.5408364596778351,-0.021589053652760842,False,0.0,0.0
2026-07-31,Z4,Desalination Feed Line - Jubail,1027.11,3.9,False,1038.4850000000001,-11.375000000000227,-0.31828800618321584,-0.010953456236729685,False,0.0,0.0
2026-08-01,Z4,Desalination Feed Line - Jubail,987.91,3.9,False,1028.425,-40.514999999999986,-1.312220557992525,-0.03939519167659283,False,0.0,0.0
2026-08-02,Z4,Desalination Feed Line - Jubail,1002.77,3.9,False,1025.895,-23.125,-0.7489843367537247,-0.02254129321226831,False,0.0,0.0
2026-08-03,Z4,Desalination Feed Line - Jubail,1021.83,3.9,False,1025.895,-4.064999999999941,-0.13639124174964928,-0.0039623938122321884,False,0.0,0.0
2026-08-04,Z4,Desalination Feed Line - Jubail,1042.6,3.9,False,1025.895,16.704999999999927,0.5944272295993906,0.01628334283722986,False,0.0,0.0
2026-08-05,Z4,Desalination Feed Line - Jubail,1292.6,3.9,True,1025.895,266.7049999999999,9.490374993732782,0.25997299918607647,True,266.7049999999999,1040.1494999999998
2026-08-06,Z4,Desalination Feed Line - Jubail,1245.8,3.9,True,1025.895,219.90499999999997,7.397700272453894,0.21435429551757243,True,219.90499999999997,857.6294999999999
2026-08-07,Z4,Desalination Feed Line - Jubail,1165.22,3.9,True,1028.425,136.79500000000007,3.8504731744434695,0.13301407492038805,False,0.0,0.0
2026-08-08,Z4,Desalination Feed Line - Jubail,1550.07,3.9,True,1028.425,521.645,12.146189081804467,0.507227070520456,True,521.645,2034.4154999999998
2026-08-09,Z4,Desalination Feed Line - Jubail,1195.97,3.9,True,1036.17,159.79999999999995,3.30396577099732,0.1542217975814779,True,159.79999999999995,623.2199999999998
2026-08-10,Z4,Desalination Feed Line - Jubail,1311.07,3.9,True,1045.145,265.92499999999995,5.276186357223536,0.25443837936362895,True,265.92499999999995,1037.1074999999998
2026-08-11,Z4,Desalination Feed Line - Jubail,1299.33,3.9,True,1045.145,254.18499999999995,5.0432544108709765,0.24320548823369,True,254.18499999999995,991.3214999999998
2026-08-12,Z4,Desalination Feed Line - Jubail,1242.98,3.9,True,1045.145,197.83500000000004,3.807072165507921,0.1892895244200566,True,197.83500000000004,771.5565000000001
2026-08-13,Z4,Desalination Feed Line - Jubail,1276.33,3.9,True,1045.145,231.18499999999995,4.268897302842981,0.2211989723913906,True,231.18499999999995,901.6214999999997
2026-08-14,Z4,Desalination Feed Line - Jubail,1257.5,3.9,True,1045.145,212.35500000000002,2.7894539213915475,0.20318233355180385,True,212.35500000000002,828.1845000000001
2026-08-15,Z4,Desalination Feed Line - Jubail,1374.62,3.9,True,1048.405,326.2149999999999,3.074426284314211,0.31115360953066795,True,326.2149999999999,1272.2384999999997
2026-08-16,Z4,Desalination Feed Line - Jubail,973.14,3.9,False,1054.415,-81.27499999999998,-0.6822555877593066,-0.07708065609840525,False,0.0,0.0
2026-08-17,Z4,Desalination Feed Line - Jubail,1006.66,3.9,False,1054.415,-47.754999999999995,-0.3752912087478352,-0.04529051654234812,False,0.0,0.0
2026-08-18,Z4,Desalination Feed Line - Jubail,1010.05,3.9,False,1048.405,-38.35500000000002,-0.33577900032091396,-0.036584144486148024,False,0.0,0.0
2026-08-19,Z4,Desalination Feed Line - Jubail,1021.44,3.9,False,1045.145,-23.704999999999927,-0.22284046624937495,-0.022681063393117634,False,0.0,0.0
2026-08-20,Z4,Desalination Feed Line - Jubail,1037.18,3.9,False,1036.17,1.009999999999991,0.009711474636606519,0.0009747435266413724,False,0.0,0.0
2026-08-21,Z4,Desalination Feed Line - Jubail,989.0,3.9,False,1033.46,-44.460000000000036,-0.4206165813357096,-0.04302053296692667,False,0.0,0.0
2026-08-22,Z4,Desalination Feed Line - Jubail,910.98,3.9,False,1032.145,-121.16499999999996,-1.1462889806014664,-0.11739145178245301,False,0.0,0.0
2026-08-23,Z4,Desalination Feed Line - Jubail,894.2,3.9,False,1025.895,-131.69499999999994,-1.2424668401478518,-0.12837083717144537,False,0.0,0.0
2026-08-24,Z4,Desalination Feed Line - Jubail,928.24,3.9,False,1025.895,-97.65499999999997,-0.7448745595735147,-0.09519005356298645,False,0.0,0.0
2026-08-25,Z4,Desalination Feed Line - Jubail,852.4,3.9,False,1025.895,-173.495,-1.2111757633492073,-0.16911574771297258,False,0.0,0.0
2026-08-26,Z4,Desalination Feed Line - Jubail,930.09,3.9,False,1025.895,-95.80499999999995,-0.6354566546529181,-0.09338675010600496,False,0.0,0.0
2026-08-27,Z4,Desalination Feed Line - Jubail,874.28,3.9,False,1025.895,-151.615,-1.0056339512050754,-0.14778802898932153,False,0.0,0.0
2026-08-28,Z4,Desalination Feed Line - Jubail,923.04,3.9,False,1024.47,-101.43000000000006,-0.5763086322442185,-0.09900729157515599,False,0.0,0.0
2026-08-29,Z4,Desalination Feed Line - Jubail,907.27,3.9,False,1021.635,-114.36500000000001,-0.6836365995262182,-0.11194311079788771,False,0.0,0.0
2026-08-30,Z4,Desalination Feed Line - Jubail,922.65,3.9,False,1021.635,-98.98500000000001,-0.5916999851711863,-0.09688881058303603,False,0.0,0.0
2026-08-31,Z4,Desalination Feed Line - Jubail,924.93,3.9,False,1021.635,-96.70500000000004,-0.5795604326730123,-0.09465709377615297,False,0.0,0.0
2026-09-01,Z4,Desalination Feed Line - Jubail,936.8,3.9,False,1015.745,-78.94500000000005,-0.5581517086675037,-0.07772127847048231,False,0.0,0.0
2026-09-02,Z4,Desalination Feed Line - Jubail,920.31,3.9,False,1008.355,-88.04500000000007,-0.6984685103133516,-0.087315479171522,False,0.0,0.0
2026-09-03,Z4,Desalination Feed Line - Jubail,906.78,3.9,False,997.8299999999999,-91.04999999999995,-0.8570266008490944,-0.09124800817774567,False,0.0,0.0
2026-09-04,Z4,Desalination Feed Line - Jubail,886.64,3.9,False,981.0699999999999,-94.42999999999995,-1.1704890639965981,-0.0962520513317092,False,0.0,0.0
2026-09-05,Z4,Desalination Feed Line - Jubail,933.61,3.9,False,954.97,-21.360000000000014,-0.34795610729187515,-0.0223671947809879,False,0.0,0.0
2026-09-06,Z4,Desalination Feed Line - Jubail,934.38,3.9,False,935.2049999999999,-0.8249999999999318,-0.013439315941749677,-0.0008821595265208503,False,0.0,0.0
2026-09-07,Z4,Desalination Feed Line - Jubail,947.85,3.9,False,933.995,13.855000000000018,0.22569905742176657,0.014834126521019939,False,0.0,0.0
2026-09-08,Z4,Desalination Feed Line - Jubail,908.46,3.9,False,933.995,-25.534999999999968,-0.4159671909970981,-0.02733954678558233,False,0.0,0.0
2026-09-09,Z4,Desalination Feed Line - Jubail,904.69,3.9,False,931.85,-27.159999999999968,-0.4424385708823648,-0.029146321832912988,False,0.0,0.0
2026-09-10,Z4,Desalination Feed Line - Jubail,877.33,3.9,False,929.165,-51.83499999999992,-0.8443962931401832,-0.055786647150936515,False,0.0,0.0
2026-09-11,Z4,Desalination Feed Line - Jubail,876.02,3.9,False,926.585,-50.565000000000055,-0.8892673294552925,-0.054571356108721866,False,0.0,0.0
2026-09-12,Z4,Desalination Feed Line - Jubail,834.35,3.9,False,923.9849999999999,-89.63499999999988,-1.729718309868666,-0.09700915058144871,False,0.0,0.0
2026-09-13,Z4,Desalination Feed Line - Jubail,906.64,3.9,False,922.845,-16.20500000000004,-0.3096352055897526,-0.017559828573595827,False,0.0,0.0
2026-09-14,Z4,Desalination Feed Line - Jubail,893.54,3.9,False,921.48,-27.940000000000055,-0.5134251960162407,-0.030320788297087353,False,0.0,0.0
2026-09-15,Z4,Desalination Feed Line - Jubail,870.02,3.9,False,915.645,-45.625,-0.8023894374843801,-0.049828263136914415,False,0.0,0.0
2026-09-16,Z4,Desalination Feed Line - Jubail,840.83,3.9,False,909.72,-68.88999999999999,-1.2302268578327418,-0.07572659719474122,False,0.0,0.0
2026-09-17,Z4,Desalination Feed Line - Jubail,840.09,3.9,False,907.865,-67.77499999999998,-1.2950031508081101,-0.07465316979947456,False,0.0,0.0
